{
    "compute": {
        "ec2_fi_euca" : {
            "t1.micro": 0.0,
            "m1.small": 0.0,
            "m1.medium": 0.0,
            "c1.medium": 0.0,
            "m1.large": 0.0,
            "m1.xlarge": 0.0,
            "c1.xlarge": 0.0,
            "m2.xlarge": 0.0,
            "m3.xlarge": 0.0,
            "m2.2xlarge": 0.0,
            "m3.2xlarge": 0.0,
            "hs1.8xlarge": 0.0,
            "cc1.4xlarge": 0.0,
            "m2.4xlarge": 0.0,
            "cg1.4xlarge": 0.0,
            "cc2.8xlarge": 0.0,
            "cr1.8xlarge": 0.0
        }
    },
    "storage":{}
}
