{
    "eucalyptus" :{
            "endpoint" : "compute.esclor86.eecloud.nsn-rdnet.net",
            "api_name": "eucalyptus",
            "country" : "Finland",
            "signature_version" : "2",
            "instance_types":[
                "t1.micro",
                "m1.small",
                "m1.medium",
                "c1.medium",
                "m1.large",
                "m1.xlarge",
                "c1.xlarge",
                "m2.xlarge",
                "m3.xlarge",
                "m2.2xlarge",
                "m3.2xlarge",
                "hs1.8xlarge",
                "cc1.4xlarge",
                "m2.4xlarge",
                "hi1.4xlarge",
                "cg1.4xlarge",
                "cc2.8xlarge",
                "cr1.8xlarge"
            ]
        }
}
