{
    "default": [
        {
            "type": "insecureAcceptAnything"
        }
    ],
    "transports":
        {
            "docker-daemon":
                {
                    "": [{"type":"insecureAcceptAnything"}],
					"":["insecure-registry":{"utas-change-registry.dynamic.nsn-net.net:5000","opentas-registry.dynamic.nsn-net.net","10.254.68.161","10.157.68.10","vtas-registry.dynamic.nsn-net.net","docker-beta.eecloud.dynamic.nsn-net.net"}],
					"" : ["noproxy":{"localhost","127.0.0.0/8","opentas-registry.dynamic.nsn-net.net","10.254.68.161","10.157.68.10","vtas-registry.dynamic.nsn-net.net","docker-beta.eecloud.dynamic.nsn-net.net"}]
                }
        }
}
